ticker,stage,provider_used,rows,first_date,last_date,missing_cols,dropped_bad_rows,dropped_future_rows,reject_reason,exception_type,exception_message
MKC,load_prices,yfinance,220.0,2025-04-23,2026-03-09,,0.0,,,,
O,load_prices,yfinance,220.0,2025-04-23,2026-03-09,,0.0,,,,
T,load_prices,yfinance,220.0,2025-04-23,2026-03-09,,0.0,,,,
WST,load_prices,yfinance,220.0,2025-04-23,2026-03-09,,0.0,,,,
EXPE,load_prices,yfinance,220.0,2025-04-23,2026-03-09,,0.0,,,,
ADBE,load_prices,yfinance,220.0,2025-04-23,2026-03-09,,0.0,,,,
HUBB,load_prices,yfinance,220.0,2025-04-23,2026-03-09,,0.0,,,,
KDP,load_prices,yfinance,220.0,2025-04-23,2026-03-09,,0.0,,,,
IQV,load_prices,yfinance,220.0,2025-04-23,2026-03-09,,0.0,,,,
EXPD,load_prices,yfinance,220.0,2025-04-23,2026-03-09,,0.0,,,,
NWSA,load_prices,yfinance,220.0,2025-04-23,2026-03-09,,0.0,,,,
ELV,load_prices,yfinance,220.0,2025-04-23,2026-03-09,,0.0,,,,
UNP,load_prices,yfinance,220.0,2025-04-23,2026-03-09,,0.0,,,,
MAS,load_prices,yfinance,220.0,2025-04-23,2026-03-09,,0.0,,,,
KR,load_prices,yfinance,220.0,2025-04-23,2026-03-09,,0.0,,,,
GE,load_prices,yfinance,220.0,2025-04-23,2026-03-09,,0.0,,,,
CF,load_prices,yfinance,220.0,2025-04-23,2026-03-09,,0.0,,,,
WM,load_prices,yfinance,220.0,2025-04-23,2026-03-09,,0.0,,,,
JKHY,load_prices,yfinance,220.0,2025-04-23,2026-03-09,,0.0,,,,
PM,load_prices,yfinance,220.0,2025-04-23,2026-03-09,,0.0,,,,
DLTR,load_prices,yfinance,220.0,2025-04-23,2026-03-09,,0.0,,,,
CTVA,load_prices,yfinance,220.0,2025-04-23,2026-03-09,,0.0,,,,
BX,load_prices,yfinance,220.0,2025-04-23,2026-03-09,,0.0,,,,
APH,load_prices,yfinance,220.0,2025-04-23,2026-03-09,,0.0,,,,
NDSN,load_prices,yfinance,220.0,2025-04-23,2026-03-09,,0.0,,,,
PH,load_prices,yfinance,220.0,2025-04-23,2026-03-09,,0.0,,,,
USB,load_prices,yfinance,220.0,2025-04-23,2026-03-09,,0.0,,,,
ALGN,load_prices,yfinance,220.0,2025-04-23,2026-03-09,,0.0,,,,
PFG,load_prices,yfinance,220.0,2025-04-23,2026-03-09,,0.0,,,,
EW,load_prices,yfinance,220.0,2025-04-23,2026-03-09,,0.0,,,,
AIZ,load_prices,yfinance,220.0,2025-04-23,2026-03-09,,0.0,,,,
INCY,load_prices,yfinance,220.0,2025-04-23,2026-03-09,,0.0,,,,
NCLH,load_prices,yfinance,220.0,2025-04-23,2026-03-09,,0.0,,,,
TMUS,load_prices,yfinance,220.0,2025-04-23,2026-03-09,,0.0,,,,
EQT,load_prices,yfinance,220.0,2025-04-23,2026-03-09,,0.0,,,,
MSI,load_prices,yfinance,220.0,2025-04-23,2026-03-09,,0.0,,,,
INTU,load_prices,yfinance,220.0,2025-04-23,2026-03-09,,0.0,,,,
HUM,load_prices,yfinance,220.0,2025-04-23,2026-03-09,,0.0,,,,
GNRC,load_prices,yfinance,220.0,2025-04-23,2026-03-09,,0.0,,,,
IBKR,load_prices,yfinance,220.0,2025-04-23,2026-03-09,,0.0,,,,
EVRG,load_prices,yfinance,220.0,2025-04-23,2026-03-09,,0.0,,,,
BLK,load_prices,yfinance,220.0,2025-04-23,2026-03-09,,0.0,,,,
TSLA,load_prices,yfinance,220.0,2025-04-23,2026-03-09,,0.0,,,,
CVS,load_prices,yfinance,220.0,2025-04-23,2026-03-09,,0.0,,,,
TYL,load_prices,yfinance,220.0,2025-04-23,2026-03-09,,0.0,,,,
EA,load_prices,yfinance,220.0,2025-04-23,2026-03-09,,0.0,,,,
AJG,load_prices,yfinance,220.0,2025-04-23,2026-03-09,,0.0,,,,
PLD,load_prices,yfinance,220.0,2025-04-23,2026-03-09,,0.0,,,,
FISV,load_prices,yfinance,219.0,2025-04-23,2026-03-09,,0.0,,,,
CPRT,load_prices,yfinance,220.0,2025-04-23,2026-03-09,,0.0,,,,
PSA,load_prices,yfinance,220.0,2025-04-23,2026-03-09,,0.0,,,,
SPGI,load_prices,yfinance,220.0,2025-04-23,2026-03-09,,0.0,,,,
FTV,load_prices,yfinance,220.0,2025-04-23,2026-03-09,,0.0,,,,
MCK,load_prices,yfinance,220.0,2025-04-23,2026-03-09,,0.0,,,,
SBAC,load_prices,yfinance,220.0,2025-04-23,2026-03-09,,0.0,,,,
NOW,load_prices,yfinance,220.0,2025-04-23,2026-03-09,,0.0,,,,
TROW,load_prices,yfinance,220.0,2025-04-23,2026-03-09,,0.0,,,,
MDT,load_prices,yfinance,220.0,2025-04-23,2026-03-09,,0.0,,,,
APA,load_prices,yfinance,220.0,2025-04-23,2026-03-09,,0.0,,,,
AMZN,load_prices,yfinance,220.0,2025-04-23,2026-03-09,,0.0,,,,
HST,load_prices,yfinance,220.0,2025-04-23,2026-03-09,,0.0,,,,
AOS,load_prices,yfinance,220.0,2025-04-23,2026-03-09,,0.0,,,,
ERIE,load_prices,yfinance,220.0,2025-04-23,2026-03-09,,0.0,,,,
AFL,load_prices,yfinance,220.0,2025-04-23,2026-03-09,,0.0,,,,
WFC,load_prices,yfinance,220.0,2025-04-23,2026-03-09,,0.0,,,,
ETN,load_prices,yfinance,220.0,2025-04-23,2026-03-09,,0.0,,,,
SNDK,load_prices,yfinance,220.0,2025-04-23,2026-03-09,,0.0,,,,
AVB,load_prices,yfinance,220.0,2025-04-23,2026-03-09,,0.0,,,,
HSIC,load_prices,yfinance,220.0,2025-04-23,2026-03-09,,0.0,,,,
EQIX,load_prices,yfinance,220.0,2025-04-23,2026-03-09,,0.0,,,,
IVZ,load_prices,yfinance,220.0,2025-04-23,2026-03-09,,0.0,,,,
CB,load_prices,yfinance,220.0,2025-04-23,2026-03-09,,0.0,,,,
RTX,load_prices,yfinance,220.0,2025-04-23,2026-03-09,,0.0,,,,
FIX,load_prices,yfinance,220.0,2025-04-23,2026-03-09,,0.0,,,,
XYL,load_prices,yfinance,220.0,2025-04-23,2026-03-09,,0.0,,,,
MTCH,load_prices,yfinance,220.0,2025-04-23,2026-03-09,,0.0,,,,
JBL,load_prices,yfinance,220.0,2025-04-23,2026-03-09,,0.0,,,,
IDXX,load_prices,yfinance,220.0,2025-04-23,2026-03-09,,0.0,,,,
COO,load_prices,yfinance,220.0,2025-04-23,2026-03-09,,0.0,,,,
LVS,load_prices,yfinance,220.0,2025-04-23,2026-03-09,,0.0,,,,
GPN,load_prices,yfinance,220.0,2025-04-23,2026-03-09,,0.0,,,,
CHD,load_prices,yfinance,220.0,2025-04-23,2026-03-09,,0.0,,,,
ABNB,load_prices,yfinance,220.0,2025-04-23,2026-03-09,,0.0,,,,
SNA,load_prices,yfinance,220.0,2025-04-23,2026-03-09,,0.0,,,,
NDAQ,load_prices,yfinance,220.0,2025-04-23,2026-03-09,,0.0,,,,
PCAR,load_prices,yfinance,220.0,2025-04-23,2026-03-09,,0.0,,,,
PG,load_prices,yfinance,220.0,2025-04-23,2026-03-09,,0.0,,,,
HON,load_prices,yfinance,220.0,2025-04-23,2026-03-09,,0.0,,,,
WELL,load_prices,yfinance,220.0,2025-04-23,2026-03-09,,0.0,,,,
AES,load_prices,yfinance,220.0,2025-04-23,2026-03-09,,0.0,,,,
TT,load_prices,yfinance,220.0,2025-04-23,2026-03-09,,0.0,,,,
DOV,load_prices,yfinance,220.0,2025-04-23,2026-03-09,,0.0,,,,
CBOE,load_prices,yfinance,220.0,2025-04-23,2026-03-09,,0.0,,,,
ADM,load_prices,yfinance,220.0,2025-04-23,2026-03-09,,0.0,,,,
ALB,load_prices,yfinance,220.0,2025-04-23,2026-03-09,,0.0,,,,
HIG,load_prices,yfinance,220.0,2025-04-23,2026-03-09,,0.0,,,,
VICI,load_prices,yfinance,220.0,2025-04-23,2026-03-09,,0.0,,,,
MET,load_prices,yfinance,220.0,2025-04-23,2026-03-09,,0.0,,,,
CINF,load_prices,yfinance,220.0,2025-04-23,2026-03-09,,0.0,,,,
AAPL,load_prices,yfinance,220.0,2025-04-23,2026-03-09,,0.0,,,,
SYF,load_prices,yfinance,220.0,2025-04-23,2026-03-09,,0.0,,,,
DD,load_prices,yfinance,220.0,2025-04-23,2026-03-09,,0.0,,,,
AZO,load_prices,yfinance,220.0,2025-04-23,2026-03-09,,0.0,,,,
AMAT,load_prices,yfinance,220.0,2025-04-23,2026-03-09,,0.0,,,,
CL,load_prices,yfinance,220.0,2025-04-23,2026-03-09,,0.0,,,,
AVY,load_prices,yfinance,220.0,2025-04-23,2026-03-09,,0.0,,,,
INVH,load_prices,yfinance,220.0,2025-04-23,2026-03-09,,0.0,,,,
EME,load_prices,yfinance,220.0,2025-04-23,2026-03-09,,0.0,,,,
BEN,load_prices,yfinance,220.0,2025-04-23,2026-03-09,,0.0,,,,
ALL,load_prices,yfinance,220.0,2025-04-23,2026-03-09,,0.0,,,,
PCG,load_prices,yfinance,220.0,2025-04-23,2026-03-09,,0.0,,,,
GL,load_prices,yfinance,220.0,2025-04-23,2026-03-09,,0.0,,,,
FDX,load_prices,yfinance,220.0,2025-04-23,2026-03-09,,0.0,,,,
ICE,load_prices,yfinance,220.0,2025-04-23,2026-03-09,,0.0,,,,
CPB,load_prices,yfinance,220.0,2025-04-23,2026-03-09,,0.0,,,,
CDNS,load_prices,yfinance,220.0,2025-04-23,2026-03-09,,0.0,,,,
GPC,load_prices,yfinance,220.0,2025-04-23,2026-03-09,,0.0,,,,
LUV,load_prices,yfinance,220.0,2025-04-23,2026-03-09,,0.0,,,,
PEP,load_prices,yfinance,220.0,2025-04-23,2026-03-09,,0.0,,,,
NUE,load_prices,yfinance,220.0,2025-04-23,2026-03-09,,0.0,,,,
SWK,load_prices,yfinance,220.0,2025-04-23,2026-03-09,,0.0,,,,
ISRG,load_prices,yfinance,220.0,2025-04-23,2026-03-09,,0.0,,,,
EFX,load_prices,yfinance,220.0,2025-04-23,2026-03-09,,0.0,,,,
CAH,load_prices,yfinance,220.0,2025-04-23,2026-03-09,,0.0,,,,
QCOM,load_prices,yfinance,220.0,2025-04-23,2026-03-09,,0.0,,,,
ESS,load_prices,yfinance,220.0,2025-04-23,2026-03-09,,0.0,,,,
RF,load_prices,yfinance,220.0,2025-04-23,2026-03-09,,0.0,,,,
CTAS,load_prices,yfinance,220.0,2025-04-23,2026-03-09,,0.0,,,,
TRGP,load_prices,yfinance,220.0,2025-04-23,2026-03-09,,0.0,,,,
KMB,load_prices,yfinance,220.0,2025-04-23,2026-03-09,,0.0,,,,
IP,load_prices,yfinance,220.0,2025-04-23,2026-03-09,,0.0,,,,
RSG,load_prices,yfinance,220.0,2025-04-23,2026-03-09,,0.0,,,,
COF,load_prices,yfinance,220.0,2025-04-23,2026-03-09,,0.0,,,,
DG,load_prices,yfinance,220.0,2025-04-23,2026-03-09,,0.0,,,,
SYY,load_prices,yfinance,220.0,2025-04-23,2026-03-09,,0.0,,,,
GOOGL,load_prices,yfinance,220.0,2025-04-23,2026-03-09,,0.0,,,,
ROST,load_prices,yfinance,220.0,2025-04-23,2026-03-09,,0.0,,,,
FFIV,load_prices,yfinance,220.0,2025-04-23,2026-03-09,,0.0,,,,
UDR,load_prices,yfinance,220.0,2025-04-23,2026-03-09,,0.0,,,,
AKAM,load_prices,yfinance,220.0,2025-04-23,2026-03-09,,0.0,,,,
FOXA,load_prices,yfinance,220.0,2025-04-23,2026-03-09,,0.0,,,,
IBM,load_prices,yfinance,220.0,2025-04-23,2026-03-09,,0.0,,,,
SLB,load_prices,yfinance,220.0,2025-04-23,2026-03-09,,0.0,,,,
HOOD,load_prices,yfinance,220.0,2025-04-23,2026-03-09,,0.0,,,,
SO,load_prices,yfinance,220.0,2025-04-23,2026-03-09,,0.0,,,,
MO,load_prices,yfinance,220.0,2025-04-23,2026-03-09,,0.0,,,,
ETR,load_prices,yfinance,220.0,2025-04-23,2026-03-09,,0.0,,,,
GEV,load_prices,yfinance,220.0,2025-04-23,2026-03-09,,0.0,,,,
HOLX,load_prices,yfinance,220.0,2025-04-23,2026-03-09,,0.0,,,,
DASH,load_prices,yfinance,220.0,2025-04-23,2026-03-09,,0.0,,,,
ARE,load_prices,yfinance,220.0,2025-04-23,2026-03-09,,0.0,,,,
CSX,load_prices,yfinance,220.0,2025-04-23,2026-03-09,,0.0,,,,
AMGN,load_prices,yfinance,220.0,2025-04-23,2026-03-09,,0.0,,,,
ROP,load_prices,yfinance,220.0,2025-04-23,2026-03-09,,0.0,,,,
TKO,load_prices,yfinance,220.0,2025-04-23,2026-03-09,,0.0,,,,
BK,load_prices,yfinance,220.0,2025-04-23,2026-03-09,,0.0,,,,
CSCO,load_prices,yfinance,220.0,2025-04-23,2026-03-09,,0.0,,,,
PAYC,load_prices,yfinance,220.0,2025-04-23,2026-03-09,,0.0,,,,
CRL,load_prices,yfinance,220.0,2025-04-23,2026-03-09,,0.0,,,,
PNR,load_prices,yfinance,220.0,2025-04-23,2026-03-09,,0.0,,,,
DHI,load_prices,yfinance,220.0,2025-04-23,2026-03-09,,0.0,,,,
FIS,load_prices,yfinance,220.0,2025-04-23,2026-03-09,,0.0,,,,
PODD,load_prices,yfinance,220.0,2025-04-23,2026-03-09,,0.0,,,,
UPS,load_prices,yfinance,220.0,2025-04-23,2026-03-09,,0.0,,,,
XYZ,load_prices,yfinance,220.0,2025-04-23,2026-03-09,,0.0,,,,
OXY,load_prices,yfinance,220.0,2025-04-23,2026-03-09,,0.0,,,,
SNPS,load_prices,yfinance,220.0,2025-04-23,2026-03-09,,0.0,,,,
NXPI,load_prices,yfinance,220.0,2025-04-23,2026-03-09,,0.0,,,,
MAA,load_prices,yfinance,220.0,2025-04-23,2026-03-09,,0.0,,,,
APTV,load_prices,yfinance,220.0,2025-04-23,2026-03-09,,0.0,,,,
UAL,load_prices,yfinance,220.0,2025-04-23,2026-03-09,,0.0,,,,
VZ,load_prices,yfinance,220.0,2025-04-23,2026-03-09,,0.0,,,,
HAS,load_prices,yfinance,220.0,2025-04-23,2026-03-09,,0.0,,,,
PAYX,load_prices,yfinance,220.0,2025-04-23,2026-03-09,,0.0,,,,
RJF,load_prices,yfinance,220.0,2025-04-23,2026-03-09,,0.0,,,,
WAB,load_prices,yfinance,220.0,2025-04-23,2026-03-09,,0.0,,,,
PTC,load_prices,yfinance,220.0,2025-04-23,2026-03-09,,0.0,,,,
PKG,load_prices,yfinance,220.0,2025-04-23,2026-03-09,,0.0,,,,
OMC,load_prices,yfinance,220.0,2025-04-23,2026-03-09,,0.0,,,,
CIEN,load_prices,yfinance,220.0,2025-04-23,2026-03-09,,0.0,,,,
GS,load_prices,yfinance,220.0,2025-04-23,2026-03-09,,0.0,,,,
SW,load_prices,yfinance,220.0,2025-04-23,2026-03-09,,0.0,,,,
LEN,load_prices,yfinance,220.0,2025-04-23,2026-03-09,,0.0,,,,
ZBH,load_prices,yfinance,220.0,2025-04-23,2026-03-09,,0.0,,,,
ECL,load_prices,yfinance,220.0,2025-04-23,2026-03-09,,0.0,,,,
DOW,load_prices,yfinance,220.0,2025-04-23,2026-03-09,,0.0,,,,
META,load_prices,yfinance,220.0,2025-04-23,2026-03-09,,0.0,,,,
MRSH,load_prices,yfinance,220.0,2025-04-23,2026-03-09,,0.0,,,,
PNC,load_prices,yfinance,220.0,2025-04-23,2026-03-09,,0.0,,,,
HCA,load_prices,yfinance,220.0,2025-04-23,2026-03-09,,0.0,,,,
EL,load_prices,yfinance,220.0,2025-04-23,2026-03-09,,0.0,,,,
DRI,load_prices,yfinance,220.0,2025-04-23,2026-03-09,,0.0,,,,
CRM,load_prices,yfinance,220.0,2025-04-23,2026-03-09,,0.0,,,,
DOC,load_prices,yfinance,220.0,2025-04-23,2026-03-09,,0.0,,,,
MCD,load_prices,yfinance,220.0,2025-04-23,2026-03-09,,0.0,,,,
BRK-B,load_prices,yfinance,220.0,2025-04-23,2026-03-09,,0.0,,,,
VST,load_prices,yfinance,220.0,2025-04-23,2026-03-09,,0.0,,,,
GRMN,load_prices,yfinance,220.0,2025-04-23,2026-03-09,,0.0,,,,
AMD,load_prices,yfinance,220.0,2025-04-23,2026-03-09,,0.0,,,,
PFE,load_prices,yfinance,220.0,2025-04-23,2026-03-09,,0.0,,,,
Q,load_prices,yfinance,91.0,2025-10-27,2026-03-09,,0.0,,,,
WY,load_prices,yfinance,220.0,2025-04-23,2026-03-09,,0.0,,,,
SHW,load_prices,yfinance,220.0,2025-04-23,2026-03-09,,0.0,,,,
HD,load_prices,yfinance,220.0,2025-04-23,2026-03-09,,0.0,,,,
UHS,load_prices,yfinance,220.0,2025-04-23,2026-03-09,,0.0,,,,
MCO,load_prices,yfinance,220.0,2025-04-23,2026-03-09,,0.0,,,,
IR,load_prices,yfinance,220.0,2025-04-23,2026-03-09,,0.0,,,,
DUK,load_prices,yfinance,220.0,2025-04-23,2026-03-09,,0.0,,,,
COST,load_prices,yfinance,220.0,2025-04-23,2026-03-09,,0.0,,,,
LNT,load_prices,yfinance,220.0,2025-04-23,2026-03-09,,0.0,,,,
KEY,load_prices,yfinance,220.0,2025-04-23,2026-03-09,,0.0,,,,
ACN,load_prices,yfinance,220.0,2025-04-23,2026-03-09,,0.0,,,,
J,load_prices,yfinance,220.0,2025-04-23,2026-03-09,,0.0,,,,
STZ,load_prices,yfinance,220.0,2025-04-23,2026-03-09,,0.0,,,,
PGR,load_prices,yfinance,220.0,2025-04-23,2026-03-09,,0.0,,,,
SCHW,load_prices,yfinance,220.0,2025-04-23,2026-03-09,,0.0,,,,
WEC,load_prices,yfinance,220.0,2025-04-23,2026-03-09,,0.0,,,,
TTD,load_prices,yfinance,220.0,2025-04-23,2026-03-09,,0.0,,,,
SPG,load_prices,yfinance,220.0,2025-04-23,2026-03-09,,0.0,,,,
MDLZ,load_prices,yfinance,220.0,2025-04-23,2026-03-09,,0.0,,,,
CAG,load_prices,yfinance,220.0,2025-04-23,2026-03-09,,0.0,,,,
AWK,load_prices,yfinance,220.0,2025-04-23,2026-03-09,,0.0,,,,
WSM,load_prices,yfinance,220.0,2025-04-23,2026-03-09,,0.0,,,,
LRCX,load_prices,yfinance,220.0,2025-04-23,2026-03-09,,0.0,,,,
IEX,load_prices,yfinance,220.0,2025-04-23,2026-03-09,,0.0,,,,
GD,load_prices,yfinance,220.0,2025-04-23,2026-03-09,,0.0,,,,
APD,load_prices,yfinance,220.0,2025-04-23,2026-03-09,,0.0,,,,
ACGL,load_prices,yfinance,220.0,2025-04-23,2026-03-09,,0.0,,,,
PPG,load_prices,yfinance,220.0,2025-04-23,2026-03-09,,0.0,,,,
TGT,load_prices,yfinance,220.0,2025-04-23,2026-03-09,,0.0,,,,
TFC,load_prices,yfinance,220.0,2025-04-23,2026-03-09,,0.0,,,,
NTRS,load_prices,yfinance,220.0,2025-04-23,2026-03-09,,0.0,,,,
DPZ,load_prices,yfinance,220.0,2025-04-23,2026-03-09,,0.0,,,,
XOM,load_prices,yfinance,220.0,2025-04-23,2026-03-09,,0.0,,,,
NFLX,load_prices,yfinance,220.0,2025-04-23,2026-03-09,,0.0,,,,
OKE,load_prices,yfinance,220.0,2025-04-23,2026-03-09,,0.0,,,,
ED,load_prices,yfinance,220.0,2025-04-23,2026-03-09,,0.0,,,,
EOG,load_prices,yfinance,220.0,2025-04-23,2026-03-09,,0.0,,,,
EXC,load_prices,yfinance,220.0,2025-04-23,2026-03-09,,0.0,,,,
MGM,load_prices,yfinance,220.0,2025-04-23,2026-03-09,,0.0,,,,
WBD,load_prices,yfinance,220.0,2025-04-23,2026-03-09,,0.0,,,,
TTWO,load_prices,yfinance,220.0,2025-04-23,2026-03-09,,0.0,,,,
SMCI,load_prices,yfinance,220.0,2025-04-23,2026-03-09,,0.0,,,,
FSLR,load_prices,yfinance,220.0,2025-04-23,2026-03-09,,0.0,,,,
TJX,load_prices,yfinance,220.0,2025-04-23,2026-03-09,,0.0,,,,
MRK,load_prices,yfinance,220.0,2025-04-23,2026-03-09,,0.0,,,,
RMD,load_prices,yfinance,220.0,2025-04-23,2026-03-09,,0.0,,,,
LHX,load_prices,yfinance,220.0,2025-04-23,2026-03-09,,0.0,,,,
CMG,load_prices,yfinance,220.0,2025-04-23,2026-03-09,,0.0,,,,
LMT,load_prices,yfinance,220.0,2025-04-23,2026-03-09,,0.0,,,,
CCL,load_prices,yfinance,220.0,2025-04-23,2026-03-09,,0.0,,,,
LYB,load_prices,yfinance,220.0,2025-04-23,2026-03-09,,0.0,,,,
MS,load_prices,yfinance,220.0,2025-04-23,2026-03-09,,0.0,,,,
VLTO,load_prices,yfinance,220.0,2025-04-23,2026-03-09,,0.0,,,,
FICO,load_prices,yfinance,220.0,2025-04-23,2026-03-09,,0.0,,,,
ON,load_prices,yfinance,220.0,2025-04-23,2026-03-09,,0.0,,,,
TPR,load_prices,yfinance,220.0,2025-04-23,2026-03-09,,0.0,,,,
ODFL,load_prices,yfinance,220.0,2025-04-23,2026-03-09,,0.0,,,,
GLW,load_prices,yfinance,220.0,2025-04-23,2026-03-09,,0.0,,,,
SOLV,load_prices,yfinance,220.0,2025-04-23,2026-03-09,,0.0,,,,
HII,load_prices,yfinance,220.0,2025-04-23,2026-03-09,,0.0,,,,
MTD,load_prices,yfinance,220.0,2025-04-23,2026-03-09,,0.0,,,,
WRB,load_prices,yfinance,220.0,2025-04-23,2026-03-09,,0.0,,,,
DVA,load_prices,yfinance,220.0,2025-04-23,2026-03-09,,0.0,,,,
AXON,load_prices,yfinance,220.0,2025-04-23,2026-03-09,,0.0,,,,
NWS,load_prices,yfinance,220.0,2025-04-23,2026-03-09,,0.0,,,,
MSFT,load_prices,yfinance,220.0,2025-04-23,2026-03-09,,0.0,,,,
CRWD,load_prices,yfinance,220.0,2025-04-23,2026-03-09,,0.0,,,,
DXCM,load_prices,yfinance,220.0,2025-04-23,2026-03-09,,0.0,,,,
EIX,load_prices,yfinance,220.0,2025-04-23,2026-03-09,,0.0,,,,
VMC,load_prices,yfinance,220.0,2025-04-23,2026-03-09,,0.0,,,,
GDDY,load_prices,yfinance,220.0,2025-04-23,2026-03-09,,0.0,,,,
WDC,load_prices,yfinance,220.0,2025-04-23,2026-03-09,,0.0,,,,
EXR,load_prices,yfinance,220.0,2025-04-23,2026-03-09,,0.0,,,,
ROL,load_prices,yfinance,220.0,2025-04-23,2026-03-09,,0.0,,,,
HPE,load_prices,yfinance,220.0,2025-04-23,2026-03-09,,0.0,,,,
PWR,load_prices,yfinance,220.0,2025-04-23,2026-03-09,,0.0,,,,
HPQ,load_prices,yfinance,220.0,2025-04-23,2026-03-09,,0.0,,,,
FCX,load_prices,yfinance,220.0,2025-04-23,2026-03-09,,0.0,,,,
KLAC,load_prices,yfinance,220.0,2025-04-23,2026-03-09,,0.0,,,,
BIIB,load_prices,yfinance,220.0,2025-04-23,2026-03-09,,0.0,,,,
TSCO,load_prices,yfinance,220.0,2025-04-23,2026-03-09,,0.0,,,,
IFF,load_prices,yfinance,220.0,2025-04-23,2026-03-09,,0.0,,,,
VRSK,load_prices,yfinance,220.0,2025-04-23,2026-03-09,,0.0,,,,
WAT,load_prices,yfinance,220.0,2025-04-23,2026-03-09,,0.0,,,,
CPAY,load_prices,yfinance,220.0,2025-04-23,2026-03-09,,0.0,,,,
CCI,load_prices,yfinance,220.0,2025-04-23,2026-03-09,,0.0,,,,
FDS,load_prices,yfinance,220.0,2025-04-23,2026-03-09,,0.0,,,,
TRMB,load_prices,yfinance,220.0,2025-04-23,2026-03-09,,0.0,,,,
HSY,load_prices,yfinance,220.0,2025-04-23,2026-03-09,,0.0,,,,
ZTS,load_prices,yfinance,220.0,2025-04-23,2026-03-09,,0.0,,,,
SJM,load_prices,yfinance,220.0,2025-04-23,2026-03-09,,0.0,,,,
NOC,load_prices,yfinance,220.0,2025-04-23,2026-03-09,,0.0,,,,
EPAM,load_prices,yfinance,220.0,2025-04-23,2026-03-09,,0.0,,,,
ADI,load_prices,yfinance,220.0,2025-04-23,2026-03-09,,0.0,,,,
TECH,load_prices,yfinance,220.0,2025-04-23,2026-03-09,,0.0,,,,
IRM,load_prices,yfinance,220.0,2025-04-23,2026-03-09,,0.0,,,,
BMY,load_prices,yfinance,220.0,2025-04-23,2026-03-09,,0.0,,,,
BBY,load_prices,yfinance,220.0,2025-04-23,2026-03-09,,0.0,,,,
RVTY,load_prices,yfinance,220.0,2025-04-23,2026-03-09,,0.0,,,,
NSC,load_prices,yfinance,220.0,2025-04-23,2026-03-09,,0.0,,,,
CTRA,load_prices,yfinance,220.0,2025-04-23,2026-03-09,,0.0,,,,
ITW,load_prices,yfinance,220.0,2025-04-23,2026-03-09,,0.0,,,,
CNC,load_prices,yfinance,220.0,2025-04-23,2026-03-09,,0.0,,,,
UBER,load_prices,yfinance,220.0,2025-04-23,2026-03-09,,0.0,,,,
MU,load_prices,yfinance,220.0,2025-04-23,2026-03-09,,0.0,,,,
NVR,load_prices,yfinance,220.0,2025-04-23,2026-03-09,,0.0,,,,
CTSH,load_prices,yfinance,220.0,2025-04-23,2026-03-09,,0.0,,,,
URI,load_prices,yfinance,220.0,2025-04-23,2026-03-09,,0.0,,,,
TXT,load_prices,yfinance,220.0,2025-04-23,2026-03-09,,0.0,,,,
NI,load_prices,yfinance,220.0,2025-04-23,2026-03-09,,0.0,,,,
PRU,load_prices,yfinance,220.0,2025-04-23,2026-03-09,,0.0,,,,
LDOS,load_prices,yfinance,220.0,2025-04-23,2026-03-09,,0.0,,,,
FE,load_prices,yfinance,220.0,2025-04-23,2026-03-09,,0.0,,,,
VRTX,load_prices,yfinance,220.0,2025-04-23,2026-03-09,,0.0,,,,
EG,load_prices,yfinance,220.0,2025-04-23,2026-03-09,,0.0,,,,
KVUE,load_prices,yfinance,220.0,2025-04-23,2026-03-09,,0.0,,,,
INTC,load_prices,yfinance,220.0,2025-04-23,2026-03-09,,0.0,,,,
CRH,load_prices,yfinance,220.0,2025-04-23,2026-03-09,,0.0,,,,
JCI,load_prices,yfinance,220.0,2025-04-23,2026-03-09,,0.0,,,,
AXP,load_prices,yfinance,220.0,2025-04-23,2026-03-09,,0.0,,,,
DHR,load_prices,yfinance,220.0,2025-04-23,2026-03-09,,0.0,,,,
REG,load_prices,yfinance,220.0,2025-04-23,2026-03-09,,0.0,,,,
WMT,load_prices,yfinance,220.0,2025-04-23,2026-03-09,,0.0,,,,
BR,load_prices,yfinance,220.0,2025-04-23,2026-03-09,,0.0,,,,
CSGP,load_prices,yfinance,220.0,2025-04-23,2026-03-09,,0.0,,,,
EBAY,load_prices,yfinance,220.0,2025-04-23,2026-03-09,,0.0,,,,
FANG,load_prices,yfinance,220.0,2025-04-23,2026-03-09,,0.0,,,,
MOS,load_prices,yfinance,220.0,2025-04-23,2026-03-09,,0.0,,,,
STT,load_prices,yfinance,220.0,2025-04-23,2026-03-09,,0.0,,,,
FOX,load_prices,yfinance,220.0,2025-04-23,2026-03-09,,0.0,,,,
EMR,load_prices,yfinance,220.0,2025-04-23,2026-03-09,,0.0,,,,
LII,load_prices,yfinance,220.0,2025-04-23,2026-03-09,,0.0,,,,
PSKY,load_prices,yfinance,220.0,2025-04-23,2026-03-09,,0.0,,,,
DLR,load_prices,yfinance,220.0,2025-04-23,2026-03-09,,0.0,,,,
LH,load_prices,yfinance,220.0,2025-04-23,2026-03-09,,0.0,,,,
MSCI,load_prices,yfinance,220.0,2025-04-23,2026-03-09,,0.0,,,,
BG,load_prices,yfinance,220.0,2025-04-23,2026-03-09,,0.0,,,,
CVNA,load_prices,yfinance,220.0,2025-04-23,2026-03-09,,0.0,,,,
AMP,load_prices,yfinance,220.0,2025-04-23,2026-03-09,,0.0,,,,
AMCR,load_prices,yfinance,220.0,2025-04-23,2026-03-09,,0.0,,,,
BSX,load_prices,yfinance,220.0,2025-04-23,2026-03-09,,0.0,,,,
MLM,load_prices,yfinance,220.0,2025-04-23,2026-03-09,,0.0,,,,
HWM,load_prices,yfinance,220.0,2025-04-23,2026-03-09,,0.0,,,,
DTE,load_prices,yfinance,220.0,2025-04-23,2026-03-09,,0.0,,,,
KO,load_prices,yfinance,220.0,2025-04-23,2026-03-09,,0.0,,,,
KEYS,load_prices,yfinance,220.0,2025-04-23,2026-03-09,,0.0,,,,
REGN,load_prices,yfinance,220.0,2025-04-23,2026-03-09,,0.0,,,,
TRV,load_prices,yfinance,220.0,2025-04-23,2026-03-09,,0.0,,,,
VTRS,load_prices,yfinance,220.0,2025-04-23,2026-03-09,,0.0,,,,
STX,load_prices,yfinance,220.0,2025-04-23,2026-03-09,,0.0,,,,
TDG,load_prices,yfinance,220.0,2025-04-23,2026-03-09,,0.0,,,,
RCL,load_prices,yfinance,220.0,2025-04-23,2026-03-09,,0.0,,,,
PYPL,load_prices,yfinance,220.0,2025-04-23,2026-03-09,,0.0,,,,
LIN,load_prices,yfinance,220.0,2025-04-23,2026-03-09,,0.0,,,,
TPL,load_prices,yfinance,220.0,2025-04-23,2026-03-09,,0.0,,,,
DGX,load_prices,yfinance,220.0,2025-04-23,2026-03-09,,0.0,,,,
CHTR,load_prices,yfinance,220.0,2025-04-23,2026-03-09,,0.0,,,,
LOW,load_prices,yfinance,220.0,2025-04-23,2026-03-09,,0.0,,,,
CDW,load_prices,yfinance,220.0,2025-04-23,2026-03-09,,0.0,,,,
CMCSA,load_prices,yfinance,220.0,2025-04-23,2026-03-09,,0.0,,,,
CMS,load_prices,yfinance,220.0,2025-04-23,2026-03-09,,0.0,,,,
BAC,load_prices,yfinance,220.0,2025-04-23,2026-03-09,,0.0,,,,
L,load_prices,yfinance,220.0,2025-04-23,2026-03-09,,0.0,,,,
ABT,load_prices,yfinance,220.0,2025-04-23,2026-03-09,,0.0,,,,
CNP,load_prices,yfinance,220.0,2025-04-23,2026-03-09,,0.0,,,,
LYV,load_prices,yfinance,220.0,2025-04-23,2026-03-09,,0.0,,,,
TXN,load_prices,yfinance,220.0,2025-04-23,2026-03-09,,0.0,,,,
CME,load_prices,yfinance,220.0,2025-04-23,2026-03-09,,0.0,,,,
COP,load_prices,yfinance,220.0,2025-04-23,2026-03-09,,0.0,,,,
BA,load_prices,yfinance,220.0,2025-04-23,2026-03-09,,0.0,,,,
BRO,load_prices,yfinance,220.0,2025-04-23,2026-03-09,,0.0,,,,
V,load_prices,yfinance,220.0,2025-04-23,2026-03-09,,0.0,,,,
MPC,load_prices,yfinance,220.0,2025-04-23,2026-03-09,,0.0,,,,
CI,load_prices,yfinance,220.0,2025-04-23,2026-03-09,,0.0,,,,
XEL,load_prices,yfinance,220.0,2025-04-23,2026-03-09,,0.0,,,,
AON,load_prices,yfinance,220.0,2025-04-23,2026-03-09,,0.0,,,,
SWKS,load_prices,yfinance,220.0,2025-04-23,2026-03-09,,0.0,,,,
RL,load_prices,yfinance,220.0,2025-04-23,2026-03-09,,0.0,,,,
STLD,load_prices,yfinance,220.0,2025-04-23,2026-03-09,,0.0,,,,
MPWR,load_prices,yfinance,220.0,2025-04-23,2026-03-09,,0.0,,,,
MAR,load_prices,yfinance,220.0,2025-04-23,2026-03-09,,0.0,,,,
CVX,load_prices,yfinance,220.0,2025-04-23,2026-03-09,,0.0,,,,
KIM,load_prices,yfinance,220.0,2025-04-23,2026-03-09,,0.0,,,,
BKR,load_prices,yfinance,220.0,2025-04-23,2026-03-09,,0.0,,,,
JNJ,load_prices,yfinance,220.0,2025-04-23,2026-03-09,,0.0,,,,
WDAY,load_prices,yfinance,220.0,2025-04-23,2026-03-09,,0.0,,,,
BXP,load_prices,yfinance,220.0,2025-04-23,2026-03-09,,0.0,,,,
FAST,load_prices,yfinance,220.0,2025-04-23,2026-03-09,,0.0,,,,
VRSN,load_prices,yfinance,220.0,2025-04-23,2026-03-09,,0.0,,,,
SBUX,load_prices,yfinance,220.0,2025-04-23,2026-03-09,,0.0,,,,
NVDA,load_prices,yfinance,220.0,2025-04-23,2026-03-09,,0.0,,,,
STE,load_prices,yfinance,220.0,2025-04-23,2026-03-09,,0.0,,,,
POOL,load_prices,yfinance,220.0,2025-04-23,2026-03-09,,0.0,,,,
LLY,load_prices,yfinance,220.0,2025-04-23,2026-03-09,,0.0,,,,
ANET,load_prices,yfinance,220.0,2025-04-23,2026-03-09,,0.0,,,,
TMO,load_prices,yfinance,220.0,2025-04-23,2026-03-09,,0.0,,,,
LW,load_prices,yfinance,220.0,2025-04-23,2026-03-09,,0.0,,,,
CEG,load_prices,yfinance,220.0,2025-04-23,2026-03-09,,0.0,,,,
NKE,load_prices,yfinance,220.0,2025-04-23,2026-03-09,,0.0,,,,
WTW,load_prices,yfinance,220.0,2025-04-23,2026-03-09,,0.0,,,,
GM,load_prices,yfinance,220.0,2025-04-23,2026-03-09,,0.0,,,,
PNW,load_prices,yfinance,220.0,2025-04-23,2026-03-09,,0.0,,,,
NEE,load_prices,yfinance,220.0,2025-04-23,2026-03-09,,0.0,,,,
DDOG,load_prices,yfinance,220.0,2025-04-23,2026-03-09,,0.0,,,,
D,load_prices,yfinance,220.0,2025-04-23,2026-03-09,,0.0,,,,
IT,load_prices,yfinance,220.0,2025-04-23,2026-03-09,,0.0,,,,
BF-B,load_prices,yfinance,220.0,2025-04-23,2026-03-09,,0.0,,,,
JPM,load_prices,yfinance,220.0,2025-04-23,2026-03-09,,0.0,,,,
PLTR,load_prices,yfinance,220.0,2025-04-23,2026-03-09,,0.0,,,,
WMB,load_prices,yfinance,220.0,2025-04-23,2026-03-09,,0.0,,,,
DECK,load_prices,yfinance,220.0,2025-04-23,2026-03-09,,0.0,,,,
APO,load_prices,yfinance,220.0,2025-04-23,2026-03-09,,0.0,,,,
SYK,load_prices,yfinance,220.0,2025-04-23,2026-03-09,,0.0,,,,
MTB,load_prices,yfinance,220.0,2025-04-23,2026-03-09,,0.0,,,,
KKR,load_prices,yfinance,220.0,2025-04-23,2026-03-09,,0.0,,,,
APP,load_prices,yfinance,220.0,2025-04-23,2026-03-09,,0.0,,,,
NRG,load_prices,yfinance,220.0,2025-04-23,2026-03-09,,0.0,,,,
SRE,load_prices,yfinance,220.0,2025-04-23,2026-03-09,,0.0,,,,
GWW,load_prices,yfinance,220.0,2025-04-23,2026-03-09,,0.0,,,,
JBHT,load_prices,yfinance,220.0,2025-04-23,2026-03-09,,0.0,,,,
ADSK,load_prices,yfinance,220.0,2025-04-23,2026-03-09,,0.0,,,,
CPT,load_prices,yfinance,220.0,2025-04-23,2026-03-09,,0.0,,,,
OTIS,load_prices,yfinance,220.0,2025-04-23,2026-03-09,,0.0,,,,
WYNN,load_prices,yfinance,220.0,2025-04-23,2026-03-09,,0.0,,,,
AEP,load_prices,yfinance,220.0,2025-04-23,2026-03-09,,0.0,,,,
PPL,load_prices,yfinance,220.0,2025-04-23,2026-03-09,,0.0,,,,
FITB,load_prices,yfinance,220.0,2025-04-23,2026-03-09,,0.0,,,,
DVN,load_prices,yfinance,220.0,2025-04-23,2026-03-09,,0.0,,,,
GIS,load_prices,yfinance,220.0,2025-04-23,2026-03-09,,0.0,,,,
DAL,load_prices,yfinance,220.0,2025-04-23,2026-03-09,,0.0,,,,
TDY,load_prices,yfinance,220.0,2025-04-23,2026-03-09,,0.0,,,,
ULTA,load_prices,yfinance,220.0,2025-04-23,2026-03-09,,0.0,,,,
C,load_prices,yfinance,220.0,2025-04-23,2026-03-09,,0.0,,,,
FRT,load_prices,yfinance,220.0,2025-04-23,2026-03-09,,0.0,,,,
HRL,load_prices,yfinance,220.0,2025-04-23,2026-03-09,,0.0,,,,
ORCL,load_prices,yfinance,220.0,2025-04-23,2026-03-09,,0.0,,,,
MCHP,load_prices,yfinance,220.0,2025-04-23,2026-03-09,,0.0,,,,
PHM,load_prices,yfinance,220.0,2025-04-23,2026-03-09,,0.0,,,,
A,load_prices,yfinance,220.0,2025-04-23,2026-03-09,,0.0,,,,
AMT,load_prices,yfinance,220.0,2025-04-23,2026-03-09,,0.0,,,,
BLDR,load_prices,yfinance,220.0,2025-04-23,2026-03-09,,0.0,,,,
BALL,load_prices,yfinance,220.0,2025-04-23,2026-03-09,,0.0,,,,
ALLE,load_prices,yfinance,220.0,2025-04-23,2026-03-09,,0.0,,,,
KHC,load_prices,yfinance,220.0,2025-04-23,2026-03-09,,0.0,,,,
AME,load_prices,yfinance,220.0,2025-04-23,2026-03-09,,0.0,,,,
F,load_prices,yfinance,220.0,2025-04-23,2026-03-09,,0.0,,,,
CLX,load_prices,yfinance,220.0,2025-04-23,2026-03-09,,0.0,,,,
VTR,load_prices,yfinance,220.0,2025-04-23,2026-03-09,,0.0,,,,
CAT,load_prices,yfinance,220.0,2025-04-23,2026-03-09,,0.0,,,,
GEHC,load_prices,yfinance,220.0,2025-04-23,2026-03-09,,0.0,,,,
PANW,load_prices,yfinance,220.0,2025-04-23,2026-03-09,,0.0,,,,
TAP,load_prices,yfinance,220.0,2025-04-23,2026-03-09,,0.0,,,,
ORLY,load_prices,yfinance,220.0,2025-04-23,2026-03-09,,0.0,,,,
PSX,load_prices,yfinance,220.0,2025-04-23,2026-03-09,,0.0,,,,
MA,load_prices,yfinance,220.0,2025-04-23,2026-03-09,,0.0,,,,
MMM,load_prices,yfinance,220.0,2025-04-23,2026-03-09,,0.0,,,,
MRNA,load_prices,yfinance,220.0,2025-04-23,2026-03-09,,0.0,,,,
TER,load_prices,yfinance,220.0,2025-04-23,2026-03-09,,0.0,,,,
GILD,load_prices,yfinance,220.0,2025-04-23,2026-03-09,,0.0,,,,
AVGO,load_prices,yfinance,220.0,2025-04-23,2026-03-09,,0.0,,,,
TEL,load_prices,yfinance,220.0,2025-04-23,2026-03-09,,0.0,,,,
ADP,load_prices,yfinance,220.0,2025-04-23,2026-03-09,,0.0,,,,
CARR,load_prices,yfinance,220.0,2025-04-23,2026-03-09,,0.0,,,,
MNST,load_prices,yfinance,220.0,2025-04-23,2026-03-09,,0.0,,,,
CMI,load_prices,yfinance,220.0,2025-04-23,2026-03-09,,0.0,,,,
AIG,load_prices,yfinance,220.0,2025-04-23,2026-03-09,,0.0,,,,
DIS,load_prices,yfinance,220.0,2025-04-23,2026-03-09,,0.0,,,,
ES,load_prices,yfinance,220.0,2025-04-23,2026-03-09,,0.0,,,,
PEG,load_prices,yfinance,220.0,2025-04-23,2026-03-09,,0.0,,,,
FTNT,load_prices,yfinance,220.0,2025-04-23,2026-03-09,,0.0,,,,
COR,load_prices,yfinance,220.0,2025-04-23,2026-03-09,,0.0,,,,
EQR,load_prices,yfinance,220.0,2025-04-23,2026-03-09,,0.0,,,,
LULU,load_prices,yfinance,220.0,2025-04-23,2026-03-09,,0.0,,,,
CFG,load_prices,yfinance,220.0,2025-04-23,2026-03-09,,0.0,,,,
DE,load_prices,yfinance,220.0,2025-04-23,2026-03-09,,0.0,,,,
BAX,load_prices,yfinance,220.0,2025-04-23,2026-03-09,,0.0,,,,
NEM,load_prices,yfinance,220.0,2025-04-23,2026-03-09,,0.0,,,,
BDX,load_prices,yfinance,220.0,2025-04-23,2026-03-09,,0.0,,,,
CHRW,load_prices,yfinance,220.0,2025-04-23,2026-03-09,,0.0,,,,
HAL,load_prices,yfinance,220.0,2025-04-23,2026-03-09,,0.0,,,,
DELL,load_prices,yfinance,220.0,2025-04-23,2026-03-09,,0.0,,,,
ABBV,load_prices,yfinance,220.0,2025-04-23,2026-03-09,,0.0,,,,
EXE,load_prices,yfinance,220.0,2025-04-23,2026-03-09,,0.0,,,,
ARES,load_prices,yfinance,220.0,2025-04-23,2026-03-09,,0.0,,,,
ZBRA,load_prices,yfinance,220.0,2025-04-23,2026-03-09,,0.0,,,,
AEE,load_prices,yfinance,220.0,2025-04-23,2026-03-09,,0.0,,,,
TSN,load_prices,yfinance,220.0,2025-04-23,2026-03-09,,0.0,,,,
GEN,load_prices,yfinance,220.0,2025-04-23,2026-03-09,,0.0,,,,
ATO,load_prices,yfinance,220.0,2025-04-23,2026-03-09,,0.0,,,,
CBRE,load_prices,yfinance,220.0,2025-04-23,2026-03-09,,0.0,,,,
BKNG,load_prices,yfinance,220.0,2025-04-23,2026-03-09,,0.0,,,,
MOH,load_prices,yfinance,220.0,2025-04-23,2026-03-09,,0.0,,,,
YUM,load_prices,yfinance,220.0,2025-04-23,2026-03-09,,0.0,,,,
ROK,load_prices,yfinance,220.0,2025-04-23,2026-03-09,,0.0,,,,
VLO,load_prices,yfinance,220.0,2025-04-23,2026-03-09,,0.0,,,,
NTAP,load_prices,yfinance,220.0,2025-04-23,2026-03-09,,0.0,,,,
KMI,load_prices,yfinance,220.0,2025-04-23,2026-03-09,,0.0,,,,
COIN,load_prices,yfinance,220.0,2025-04-23,2026-03-09,,0.0,,,,
HBAN,load_prices,yfinance,220.0,2025-04-23,2026-03-09,,0.0,,,,
GOOG,load_prices,yfinance,220.0,2025-04-23,2026-03-09,,0.0,,,,
UNH,load_prices,yfinance,220.0,2025-04-23,2026-03-09,,0.0,,,,
HLT,load_prices,yfinance,220.0,2025-04-23,2026-03-09,,0.0,,,,
NWS,filters,,,,,,,,"$ADV20 $37,625,030 < $50,000,000",,
